iface,rx_pkts,tx_pkts,rx_bytes,tx_bytes
avg-eth0,3.136034,3.422742,511.1304,1247.166
avg-eth2,0,119750.9,0,122624895
avg-lo,0,0,0,0
