executable,type,mean,min,max,sd,rsd
transcode,cache-misses,3093438186,3087444991,3104154401,4764285,0.1540126
transcode,running-time,107.5005,107.3768,107.6559,0.08883659,0.08263827
