executable,type,mean,min,max,sd,rsd
transcode,cache-misses,3067560411,3064905859,3079220964,4234289,0.1380344
transcode,running-time,105.2154,104.9754,105.2978,0.09867498,0.09378374
