iface,rx_pkts,tx_pkts,rx_bytes,tx_bytes
avg-eth0,3.148594,3.407894,520.4341,1240.024
avg-eth2,0,250033.3,0,16002130
avg-lo,0,0,0,0
