iface,rx_pkts,tx_pkts,rx_bytes,tx_bytes
avg-eth0,3.200798,3.516821,522.6126,1263.607
avg-eth2,0,452899.3,0,115942212
avg-lo,0,0,0,0
