executable,type,mean,min,max,sd,rsd
transcode,cache-misses,2934961813,2931054086,2943096536,3873315,0.1319715
transcode,running-time,123.7749,123.2752,124.6776,0.4424595,0.3574709
