iface,rx_pkts,tx_pkts,rx_bytes,tx_bytes
avg-eth0,3.452438,3.812418,555.3332,1301.538
avg-eth2,0,844434.7,0,108087643
avg-lo,0,0,0,0
