iface,rx_pkts,tx_pkts,rx_bytes,tx_bytes
avg-eth0,3.145705,3.503761,505.5961,1264.51
avg-eth2,0,119742.3,0,122616106
avg-lo,0,0,0,0
