executable,type,mean,min,max,sd,rsd
transcode,cache-misses,3088221195,3081998597,3094774847,4087528,0.1323587
transcode,running-time,108.329,107.9728,108.647,0.2241142,0.206883
