executable,type,mean,min,max,sd,rsd
transcode,cache-misses,3080539164,3074346913,3090543484,5733945,0.1861345
transcode,running-time,105.9493,105.625,106.1256,0.1426153,0.1346071
