iface,rx_pkts,tx_pkts,rx_bytes,tx_bytes
avg-eth0,3.068135,3.424659,492.6258,1237.409
avg-eth2,1.032313,452929.9,286.0973,115950038
avg-lo,0,0,0,0
