iface,rx_pkts,tx_pkts,rx_bytes,tx_bytes
avg-eth0,3.127136,3.478462,503.1367,1234.298
avg-eth7,352988.1,1.072576,90364941,288.7814
avg-lo,0,0,0,0
