executable,type,mean,min,max,sd,rsd
transcode,cache-misses,3177720974,3166467744,3186698560,5957137,0.1874657
transcode,running-time,118.677,117.6299,119.2807,0.5108144,0.430424
