executable,type,mean,min,max,sd,rsd
transcode,cache-misses,3069449824,3064985162,3074341829,2595929,0.08457311
transcode,running-time,105.0326,104.7967,105.1858,0.1348072,0.128348
