executable,type,mean,min,max,sd,rsd
transcode,cache-misses,3057908230,3051728919,3069976629,6814879,0.2228608
transcode,running-time,104.9909,104.9168,105.0854,0.06237613,0.059411
