executable,type,mean,min,max,sd,rsd
transcode,cache-misses,3087496961,3082384757,3098741756,4811139,0.1558265
transcode,running-time,106.5975,106.147,106.7976,0.1859082,0.174402
