iface,rx_pkts,tx_pkts,rx_bytes,tx_bytes
avg-eth0,3.064878,3.422654,491.8475,1249.85
avg-eth2,1.031465,6000.32,94.0156,384020.5
avg-lo,0,0,0,0
