iface,rx_pkts,tx_pkts,rx_bytes,tx_bytes
avg-eth0,3.053497,3.406524,491.1305,1228.927
avg-eth7,6000.458,1.072399,384029.3,96.63574
avg-lo,0,0,0,0
