executable,type,mean,min,max,sd,rsd
transcode,cache-misses,3082693517,3076618087,3094379319,4701618,0.1525166
transcode,running-time,105.9247,105.7327,106.0528,0.100879,0.09523646
