executable,type,mean,min,max,sd,rsd
transcode,cache-misses,3228934900,3223673478,3234403146,3503974,0.108518
transcode,running-time,116.1376,115.4505,117.154,0.6035789,0.5197103
