iface,rx_pkts,tx_pkts,rx_bytes,tx_bytes
avg-eth0,3.153211,3.421872,524.2063,1246.972
avg-eth2,1.031277,11990.55,93.98003,767395.2
avg-lo,0,0,0,0
