iface,rx_pkts,tx_pkts,rx_bytes,tx_bytes
avg-eth0,149.541,434.2551,27106.78,620033.9
avg-eth8,1.071793,11991.01,96.57442,767424.7
avg-eth11,12002.2,1.032236,768140.9,94.06905
avg-lo,0,0,0,0
