iface,rx_pkts,tx_pkts,rx_bytes,tx_bytes
avg-eth0,3.134007,3.397926,521.7212,1219.72
avg-eth7,11989.47,1.071713,767325.8,96.56543
avg-lo,0,0,0,0
