executable,type,mean,min,max,sd,rsd
transcode,cache-misses,3094985636,3090008231,3106714095,4627776,0.149525
transcode,running-time,106.6714,106.3091,106.8504,0.1429009,0.1339637
