executable,type,mean,min,max,sd,rsd
sleep,cache-misses,71292,67263,86387,6313.904,8.856398
sleep,running-time,60.00221,60.00148,60.00248,0.0003133295,0.0005221966
