executable,type,mean,min,max,sd,rsd
sleep,cache-misses,3252.1,1272,13790,3750.977,115.3401
sleep,running-time,60.00215,60.00147,60.00274,0.0003669861,0.0006116215
