executable,cachemisses,runningtime
./mem-walk,8894382596,112.819839149
./mem-walk,6216305236,95.048931778
./mem-walk,6477778396,92.167830386
./mem-walk,6279599965,94.875903698
./mem-walk,6405359044,91.585001107
./mem-walk,6658069844,94.440530374
./mem-walk,6206689439,91.126927537
./mem-walk,6253546972,91.860868875
./mem-walk,8773807978,111.624501744
./mem-walk,8402197785,107.535090543
