iface,rx_pkts,tx_pkts,rx_bytes,tx_bytes
avg-eth0,3.125937,3.424563,514.3911,1251.209
avg-eth2,0,82166.92,0,123250384
avg-lo,0,0,0,0
