iface,rx_pkts,tx_pkts,rx_bytes,tx_bytes
avg-eth0,3.191136,3.499166,522.0441,1259.939
avg-eth2,0,234990,0,120314884
avg-lo,0,0,0,0
