executable,type,mean,min,max,sd,rsd
transcode,cache-misses,3091181907,3083633385,3098458869,4521749,0.146279
transcode,running-time,109.5417,109.1337,110.0735,0.2633711,0.24043
