executable,type,mean,min,max,sd,rsd
transcode,cache-misses,3072555639,3067359371,3086368922,5464250,0.1778405
transcode,running-time,105.5329,105.2808,105.6279,0.1011889,0.0958837
