pktsize,pps,runningtime
60,1136421,137.1165
124,843621,150.1683
252,452742.3,144.1353
508,234861.3,79.78661
1020,119628,81.08232
1496,82084.36,88.65808
