pktsize,pps,runningtime
60,1136139,164.3741
124,844434.7,156.1956
252,452525.3,92.31697
508,235065.9,80.76404
1020,119629.4,67.20794
1496,82293.09,66.18995
