pktsize,pps,runningtime
60,1136328,130.1433
124,844582.1,128.729
252,452890.1,133.0618
508,234963.1,127.2987
1020,119769,91.19516
1496,82261.93,91.57377
