pktsize,runningtime
60,127.8465
124,131.5293
252,136.1445
508,133.2664
1020,92.58608
1496,91.51399
