pktsize,pps,runningtime
60,215695.7,130.1433
124,205784.2,128.729
252,211641.4,133.0618
508,209125.2,127.2987
1020,108479,91.19516
1496,78600.52,91.57377
