pktsize,pps,runningtime
60,0,164.3741
124,0,156.1956
252,0,92.31697
508,0,80.76404
1020,0,67.20794
1496,0,66.18995
