pktsize,runningtime
60,164.3741
124,156.1956
252,92.31697
508,80.76404
1020,67.20794
1496,66.18995
