pktsize,pps,runningtime
60,1136313,127.8465
124,844358.5,131.5293
252,452984.3,136.1445
508,234927.6,133.2664
1020,119804,92.58608
1496,82263.08,91.51399
