pktsize,pps,runningtime
60,215444.6,130.1433
124,205586,128.729
252,211716.4,133.0618
508,208988.7,127.2987
1020,108248.5,91.19516
1496,78646.19,91.57377
