pktsize,pps,runningtime
60,1135395,137.1165
124,844276,150.1683
252,452701.7,144.1353
508,234958.4,79.78661
1020,119591.2,81.08232
1496,82166.92,88.65808
