pktsize,pps,runningtime
60,1135209,130.1433
124,844444,128.729
252,452983,133.0618
508,235071.7,127.2987
1020,119764.9,91.19516
1496,82225.6,91.57377
