pktsize,pps,runningtime
60,1136313,137.1165
124,844559,150.1683
252,452879,144.1353
508,234952,79.78661
1020,119726,81.08232
1496,82233,88.65808
