pktsize,pps,runningtime
60,196508,127.8465
124,196413.3,131.5293
252,207912.5,136.1445
508,196590,133.2664
1020,109073.4,92.58608
1496,77654.43,91.51399
