pps,runningtime
0,158.1828
0,59.62758
0,63.09428
0,67.22181
0,67.52618
0,68.22756
0,68.69793
0,69.57061
0,82.20783
0,93.85574
