pktsize,pps,runningtime
60,1136315,130.1433
124,844559,128.729
252,452879,133.0618
508,234952,127.2987
1020,119726,91.19516
1496,82233,91.57377
