pktsize,pps,runningtime
60,1136298,164.3741
124,844559,156.1956
252,452879,92.31697
508,234952,80.76404
1020,119726,67.20794
1496,82233,66.18995
