pktsize,pps,runningtime
60,195402.5,127.8465
124,197102,131.5293
252,207799.3,136.1445
508,196280.3,133.2664
1020,109095.3,92.58608
1496,77574.84,91.51399
