pktsize,pps,runningtime
60,1136302,127.8465
124,844577.1,131.5293
252,452857.9,136.1445
508,234956.5,133.2664
1020,119768.1,92.58608
1496,82171.13,91.51399
