pps,runningtime
,127.8129
,130.2013
,139.8984
,55.05456
,63.40796
,64.04645
,66.46942
,69.44416
,78.18023
,90.06096
