pktsize,runningtime
60,130.1433
124,128.729
252,133.0618
508,127.2987
1020,91.19516
1496,91.57377
