pps,runningtime
1000,59.62758
3000,68.69793
6000,67.52618
12000,68.22756
25000,67.22181
50000,63.09428
100000,69.57061
250000,82.20783
500000,93.85574
1000000,158.1828
