pps,runningtime
1000,57.3664
3000,70.33326
6000,67.82959
12000,68.17594
25000,66.24291
50000,69.54944
100000,78.91282
250000,88.65817
500000,142.8701
1000000,138.1327
