pktsize,pps,runningtime
60,0,137.1165
124,0,150.1683
252,0,144.1353
508,0,79.78661
1020,0,81.08232
1496,0,88.65808
