pktsize,pps,runningtime
60,1136247,127.8465
124,844559,131.5293
252,452879,136.1445
508,234952,133.2664
1020,119726,92.58608
1496,82233,91.51399
