pps,runningtime
0,138.1327
0,142.8701
0,57.3664
0,66.24291
0,67.82959
0,68.17594
0,69.54944
0,70.33326
0,78.91282
0,88.65817
