pps,runningtime
1000,90.06096
3000,78.18023
6000,69.44416
12000,66.46942
25000,64.04645
50000,63.40796
100000,55.05456
250000,139.8984
500000,130.2013
1000000,127.8129
