pktsize,pps,runningtime
60,1135778,164.3741
124,844568.4,156.1956
252,453158.9,92.31697
508,234843.8,80.76404
1020,119767.8,67.20794
1496,82217.86,66.18995
