pktsize,runningtime
60,137.1165
124,150.1683
252,144.1353
508,79.78661
1020,81.08232
1496,88.65808
