pps,runningtime
1000,58.14661
3000,65.74571
6000,67.48934
12000,73.53682
25000,69.01109
50000,80.47083
100000,91.54898
250000,132.5472
500000,130.0522
1000000,132.0096
