pps,runningtime
1000,55.05456
3000,64.04645
6000,63.40796
12000,69.44416
25000,66.46942
50000,78.18023
100000,90.06096
250000,130.2013
500000,127.8129
1000000,139.8984
