iface,rx_pkts,tx_pkts,rx_bytes,tx_bytes
avg-eth0,3.137824,3.491089,504.1627,1244.453
avg-eth2,0,499981.2,0,31998798
avg-lo,0,0,0,0
