executable,type,mean,min,max,sd,rsd
transcode,cache-misses,3097705760,3089618173,3113625953,6856987,0.2213569
transcode,running-time,105.3966,105.0252,105.5399,0.1470927,0.1395612
