executable,type,mean,min,max,sd,rsd
transcode,cache-misses,3059572996,3053683183,3075544374,6207362,0.2028833
transcode,running-time,104.9867,104.8826,105.1007,0.08497458,0.08093842
