iface,rx_pkts,tx_pkts,rx_bytes,tx_bytes
avg-eth0,3.056405,3.413755,490.5733,1250.099
avg-eth2,1.031866,119768.1,596.234,122642468
avg-lo,0,0,0,0
