iface,rx_pkts,tx_pkts,rx_bytes,tx_bytes
avg-eth0,3.057072,3.408934,491.7509,1226.066
avg-eth7,109095.3,1.070794,111713550,598.6396
avg-lo,0,0,0,0
