iface,rx_pkts,tx_pkts,rx_bytes,tx_bytes
avg-eth0,3.633898,3.887169,585.6185,1317.114
avg-eth2,0,452701.7,0,115891633
avg-lo,0,0,0,0
