iface,rx_pkts,tx_pkts,rx_bytes,tx_bytes
avg-eth0,4.092737,4.294285,691.7243,1389.29
avg-eth2,1.031855,1000.858,94.06252,64054.89
avg-lo,0,0,0,0
