iface,rx_pkts,tx_pkts,rx_bytes,tx_bytes
avg-eth0,3.214407,3.407342,549.0023,1220.36
avg-eth7,996.8667,1.069753,63799.47,96.39152
avg-lo,0,0,0,0
