executable,cachemisses,runningtime
./transcode,3437726572,110.914740755
./transcode,3481438356,111.651778197
./transcode,3481377618,112.183486886
./transcode,3477197662,111.834239367
./transcode,3479718341,111.694035053
./transcode,3488192143,111.730170194
./transcode,3478712813,111.726549779
./transcode,3477154548,111.760283212
./transcode,3474614794,111.615135486
./transcode,3472247217,111.541205457
