executable,type,mean,min,max,sd,rsd
transcode,cache-misses,3474838006,3437726572,3488192143,13737422,0.3953399
transcode,running-time,111.6652,110.9147,112.1835,0.3155776,0.2826106
