iface,rx_pkts,tx_pkts,rx_bytes,tx_bytes
avg-eth0,3.059154,3.413579,491.2427,1231.4
avg-eth2,1.032535,1136384,94.08457,72728600
avg-lo,0,0,0,0
