iface,rx_pkts,tx_pkts,rx_bytes,tx_bytes
avg-eth0,3.050284,3.400314,490.7549,1222.233
avg-eth7,391920,1.069703,25082881,96.42874
avg-lo,0,0,0,0
