executable,type,mean,min,max,sd,rsd
transcode,cache-misses,3250778909,3247651327,3256048516,2557874,0.07868495
transcode,running-time,118.0085,117.7616,118.2446,0.1466339,0.124257
