iface,rx_pkts,tx_pkts,rx_bytes,tx_bytes
avg-eth0,3.065709,3.422476,492.4385,1232.828
avg-eth2,1.032058,844582.1,158.0563,108106507
avg-lo,0,0,0,0
