iface,rx_pkts,tx_pkts,rx_bytes,tx_bytes
avg-eth0,3.056485,3.410058,491.9942,1223.795
avg-eth7,205586,1.070874,26315008,160.5218
avg-lo,0,0,0,0
