iface,rx_pkts,tx_pkts,rx_bytes,tx_bytes
avg-eth0,3.071921,3.424188,493.2499,1228.762
avg-eth2,1.032362,249996.9,94.07148,15999800
avg-lo,0,0,0,0
