iface,rx_pkts,tx_pkts,rx_bytes,tx_bytes
avg-eth0,3.061414,3.412834,492.3917,1223.991
avg-eth7,250072.4,1.071504,16004634,96.58627
avg-lo,0,0,0,0
