executable,type,mean,min,max,sd,rsd
transcode,cache-misses,2999799520,2974551105,3014249438,12308684,0.4103169
transcode,running-time,139.5286,135.7541,142.5407,1.87206,1.341703
