executable,cachemisses,runningtime
./transcode,3194123710,110.065766882
./transcode,3219249396,110.910316568
./transcode,3233352636,110.663727602
./transcode,3236362574,110.609325256
./transcode,3241685217,110.573732892
./transcode,3240540851,110.758240109
./transcode,3240119746,110.647964628
./transcode,3245233548,110.705271127
./transcode,3246457417,110.706599274
./transcode,3242941146,110.737420591
