executable,type,mean,min,max,sd,rsd
transcode,cache-misses,3234006624,3194123710,3246457417,16035792,0.4958491
transcode,running-time,110.6378,110.0658,110.9103,0.2213328,0.2000516
