iface,rx_pkts,tx_pkts,rx_bytes,tx_bytes
avg-eth0,3.132599,3.487647,503.6126,1242.044
avg-eth2,1.031839,452890.1,286.0474,115939848
avg-lo,0,0,0,0
