iface,rx_pkts,tx_pkts,rx_bytes,tx_bytes
avg-eth0,3.122958,3.473406,502.8886,1233.379
avg-eth7,211716.4,1.07178,54199385,288.5663
avg-lo,0,0,0,0
