iface,rx_pkts,tx_pkts,rx_bytes,tx_bytes
avg-eth0,3.719171,4.060387,602.4068,1354.347
avg-eth2,0,250119,0,16007615
avg-lo,0,0,0,0
