iface,rx_pkts,tx_pkts,rx_bytes,tx_bytes
avg-eth0,3.606999,3.966508,581.4086,1335.014
avg-eth2,0,452525.3,0,115846485
avg-lo,0,0,0,0
