bandwidth,runningtime
1,52.50562
3,50.5153
6,52.47801
12,51.42786
25,61.52802
50,60.87187
100,60.70995
250,63.72359
500,64.08523
1000,89.33288
