iface,rx_pkts,tx_pkts,rx_bytes,tx_bytes
avg-eth0,3.05836,3.408981,491.8683,1219.637
avg-eth7,82219.54,1.072216,123329212,598.6513
avg-lo,0,0,0,0
