executable,type,mean,min,max,sd,rsd
transcode,cache-misses,3202168297,3192041898,3214750915,6163814,0.1924888
transcode,running-time,108.949,108.7316,109.1685,0.1051552,0.09651781
