bandwidth,runningtime
1,52.71401
3,50.7669
6,50.1668
12,52.48471
25,64.64742
50,61.57849
100,61.62768
250,64.26038
500,65.77402
1000,65.9876
