iface,rx_pkts,tx_pkts,rx_bytes,tx_bytes
avg-eth0,3.048124,3.396904,489.9901,1213.947
avg-eth7,119578,1.069965,122447758,598.0108
avg-lo,0,0,0,0
