executable,type,mean,min,max,sd,rsd
transcode,cache-misses,3221221959,3211839636,3230349780,5365653,0.166572
transcode,running-time,110.7485,110.4184,111.0964,0.1976955,0.1785086
