iface,rx_pkts,tx_pkts,rx_bytes,tx_bytes
avg-eth0,3.589121,3.948172,578.5704,1327.482
avg-eth2,0,844276,0,108067332
avg-lo,0,0,0,0
