executable,cachemisses,runningtime
sleep,21053749,60.001345503
sleep,21113770,60.002072157
sleep,21036461,60.002770279
sleep,20933630,60.001967468
sleep,20959866,60.002638762
sleep,21024479,60.002294824
sleep,20995062,60.002136430
sleep,20995969,60.002278007
sleep,20957776,60.002521338
sleep,21006770,60.002132695
