executable,type,mean,min,max,sd,rsd
sleep,cache-misses,21007753,20933630,21113770,52752.17,0.2511081
sleep,running-time,60.00222,60.00135,60.00277,0.0004003799,0.0006672752
