executable,type,mean,min,max,sd,rsd
sleep,cache-misses,3142.4,1276,15132,4246.003,135.1198
sleep,running-time,60.00222,60.00131,60.00289,0.000495555,0.0008258944
