iface,rx_pkts,tx_pkts,rx_bytes,tx_bytes
avg-eth0,3.061031,3.417184,491.4798,1234.806
avg-eth2,1.031738,234979.7,542.0966,120309589
avg-lo,0,0,0,0
