iface,rx_pkts,tx_pkts,rx_bytes,tx_bytes
avg-eth0,3.051937,3.404612,490.8444,1220.877
avg-eth7,234815.5,1.071684,120225486,544.5659
avg-lo,0,0,0,0
