executable,type,mean,min,max,sd,rsd
transcode,cache-misses,3177176486,3169393184,3189282612,6219499,0.1957555
transcode,running-time,117.634,117.2421,117.9086,0.1949976,0.1657663
