iface,rx_pkts,tx_pkts,rx_bytes,tx_bytes
avg-eth0,3.077207,3.433714,494.6381,1252.926
avg-eth2,0,234958.4,0,120298724
avg-lo,0,0,0,0
