iface,rx_pkts,tx_pkts,rx_bytes,tx_bytes
avg-eth0,3.371239,3.730124,542.1513,1287.618
avg-eth2,0,1136139,0,72712908
avg-lo,0,0,0,0
