executable,type,mean,min,max,sd,rsd
transcode,cache-misses,3042512776,3037325733,3055481915,6921473,0.227492
transcode,running-time,115.4172,114.6704,116.0767,0.3766827,0.3263661
