iface,rx_pkts,tx_pkts,rx_bytes,tx_bytes
avg-eth0,3.060327,3.417194,492.0155,1244.36
avg-eth2,0,844559.5,0,108103619
avg-lo,0,0,0,0
