executable,type,mean,min,max,sd,rsd
transcode,cache-misses,3262544977,3247674961,3275447133,6870627,0.210591
transcode,running-time,127.0423,122.8944,134.6647,3.978961,3.131998
