iface,rx_pkts,tx_pkts,rx_bytes,tx_bytes
avg-eth0,3.829813,4.184753,617.7437,1365.633
avg-eth2,0,119629.4,0,122500535
avg-lo,0,0,0,0
