executable,type,mean,min,max,sd,rsd
transcode,cache-misses,3093900910,3088584174,3099153352,3335877,0.1078211
transcode,running-time,106.6882,106.3694,106.9178,0.1461157,0.1369558
