executable,type,mean,min,max,sd,rsd
transcode,cache-misses,3098846553,3088925527,3110056113,8072391,0.2604966
transcode,running-time,110.2142,109.9185,110.4481,0.1437219,0.1304023
