executable,type,mean,min,max,sd,rsd
transcode,cache-misses,3028647222,3002893620,3052598221,15423488,0.5092534
transcode,running-time,120.5027,119.8937,121.4174,0.5037462,0.4180372
