executable,type,mean,min,max,sd,rsd
transcode,cache-misses,3024566466,3011268466,3042788873,8120742,0.2684928
transcode,running-time,116.9921,116.6573,117.2133,0.1842952,0.1575279
