iface,rx_pkts,tx_pkts,rx_bytes,tx_bytes
avg-eth0,3.144183,3.495516,506.025,1238.554
avg-eth7,381350.7,1.069251,48812886,160.1827
avg-lo,0,0,0,0
