executable,type,mean,min,max,sd,rsd
transcode,cache-misses,3327767452,3326037623,3329363282,1192688,0.0358405
transcode,running-time,118.1122,117.865,118.3848,0.1670397,0.1414247
