executable,type,mean,min,max,sd,rsd
transcode,cache-misses,3060704850,3055148978,3071446143,4891071,0.1598021
transcode,running-time,104.9604,104.8271,105.1108,0.09745222,0.09284667
