executable,type,mean,min,max,sd,rsd
transcode,cache-misses,3058700250,3052364546,3071619309,6905637,0.2257703
transcode,running-time,105.0132,104.902,105.0859,0.06735743,0.06414189
