executable,type,mean,min,max,sd,rsd
transcode,cache-misses,3106211851,3097843065,3115856955,5901306,0.189984
transcode,running-time,109.2332,108.9232,109.401,0.1409517,0.1290374
