iface,rx_pkts,tx_pkts,rx_bytes,tx_bytes
avg-eth0,3.670607,3.886828,616.4913,1313.732
avg-eth2,0,500067.1,0,32004292
avg-lo,0,0,0,0
