executable,type,mean,min,max,sd,rsd
transcode,cache-misses,3065536039,3050243878,3078189996,7744361,0.2526267
transcode,running-time,116.3344,115.9377,116.9846,0.3431405,0.2949606
