iface,rx_pkts,tx_pkts,rx_bytes,tx_bytes
avg-eth0,3.050576,3.3998,490.7159,1224.66
avg-eth7,25000.87,1.07102,1600056,96.54677
avg-lo,0,0,0,0
