executable,type,mean,min,max,sd,rsd
transcode,cache-misses,3100169728,3093756645,3114691870,6980740,0.2251728
transcode,running-time,107.4724,107.1474,107.7207,0.1650846,0.1536066
