iface,rx_pkts,tx_pkts,rx_bytes,tx_bytes
avg-eth0,3.272081,3.51454,548.5272,1256.552
avg-eth2,1.032608,500025.8,94.08892,32001653
avg-lo,0,0,0,0
