iface,rx_pkts,tx_pkts,rx_bytes,tx_bytes
avg-eth0,3.265516,3.500927,548.3217,1237.562
avg-eth7,196813.5,1.07019,12596063,96.48438
avg-lo,0,0,0,0
