iface,rx_pkts,tx_pkts,rx_bytes,tx_bytes
avg-eth0,3.236346,3.461088,546.9461,1233.973
avg-eth7,249884.1,1.070954,15992580,96.52997
avg-lo,0,0,0,0
