executable,type,mean,min,max,sd,rsd
transcode,cache-misses,3003259975,2985658788,3016266015,10781225,0.3589841
transcode,running-time,141.0153,137.7069,144.6667,2.11732,1.501483
