iface,rx_pkts,tx_pkts,rx_bytes,tx_bytes
avg-eth0,3.214638,3.551681,516.1425,1216.237
avg-eth2,1.03231,234977.8,542.1295,120308634
avg-lo,0,0,0,0
