iface,rx_pkts,tx_pkts,rx_bytes,tx_bytes
avg-eth0,3.143735,3.49681,505.5576,1243.315
avg-eth7,234800.4,1.071077,120217791,544.5276
avg-lo,0,0,0,0
