executable,type,mean,min,max,sd,rsd
transcode,cache-misses,3168652419,3160053706,3179448578,6413516,0.2024052
transcode,running-time,118.3556,118.0413,118.5663,0.1767568,0.1493439
