iface,rx_pkts,tx_pkts,rx_bytes,tx_bytes
avg-eth0,3.540275,3.891806,569.2569,1298.513
avg-eth2,1.033186,100015.4,94.12883,6400983
avg-lo,0,0,0,0
