iface,rx_pkts,tx_pkts,rx_bytes,tx_bytes
avg-eth0,3.076704,3.428178,494.344,1232.782
avg-eth7,99998.43,1.070479,6399900,96.51084
avg-lo,0,0,0,0
