executable,type,mean,min,max,sd,rsd
transcode,cache-misses,3112793744,3103623892,3123956841,6663342,0.2140631
transcode,running-time,112.3446,112.0686,112.6087,0.1739169,0.1548066
