iface,rx_pkts,tx_pkts,rx_bytes,tx_bytes
avg-eth0,3.191094,3.424987,530.2697,1248.71
avg-eth2,1.032234,100036.7,94.07386,6402346
avg-lo,0,0,0,0
