iface,rx_pkts,tx_pkts,rx_bytes,tx_bytes
avg-eth0,3.746145,3.995426,620.27,1359.967
avg-eth8,1.070968,94834.6,96.55273,6069414
avg-eth11,100035.3,1.032372,6402261,94.08262
avg-lo,0,0,0,0
