iface,rx_pkts,tx_pkts,rx_bytes,tx_bytes
avg-eth0,3.194935,3.422195,532.0097,1225.831
avg-eth7,94848.23,1.071572,6070287,96.58639
avg-lo,0,0,0,0
