iface,rx_pkts,tx_pkts,rx_bytes,tx_bytes
avg-eth0,3.144859,3.496933,505.0271,1242.483
avg-eth2,1.032435,6000.405,94.07811,384025.9
avg-lo,0,0,0,0
