iface,rx_pkts,tx_pkts,rx_bytes,tx_bytes
avg-eth0,3.140055,3.489269,505.6706,1235.867
avg-eth7,6000.413,1.07239,384026.4,96.63499
avg-lo,0,0,0,0
