executable,type,mean,min,max,sd,rsd
transcode,cache-misses,3083550414,3074348731,3095572058,7086589,0.2298191
transcode,running-time,105.9049,105.6291,106.073,0.1221311,0.1153215
