executable,type,mean,min,max,sd,rsd
transcode,cache-misses,3069138320,3059021812,3100200850,11495808,0.3745614
transcode,running-time,675.424,668.2211,692.4733,7.576336,1.121716
