executable,cachemisses,runningtime
./transcode-one-core,3062720584,668.221073252
./transcode-one-core,3065431984,670.419676541
./transcode-one-core,3063795639,674.464135859
./transcode-one-core,3068432177,672.668628633
./transcode-one-core,3059021812,669.032508171
./transcode-one-core,3065754696,669.518619471
./transcode-one-core,3100200850,692.473346783
./transcode-one-core,3070467360,680.894245329
./transcode-one-core,3071040978,681.323222561
./transcode-one-core,3064517124,675.224731534
