iface,rx_pkts,tx_pkts,rx_bytes,tx_bytes
avg-eth0,3.62961,3.939676,593.0282,1324.175
avg-eth2,0,844343.9,0,108076023
avg-lo,0,0,0,0
