executable,type,mean,min,max,sd,rsd
transcode,cache-misses,3316880123,3308493294,3327459916,6520959,0.1965992
transcode,running-time,115.1921,114.9288,115.6156,0.2411879,0.2093789
