executable,type,mean,min,max,sd,rsd
transcode,cache-misses,3102925026,3093631820,3111575098,5719722,0.1843332
transcode,running-time,105.9736,105.6381,106.2556,0.1523337,0.1437468
