executable,type,mean,min,max,sd,rsd
transcode,cache-misses,3055104358,3045493471,3065157181,5186096,0.1697518
transcode,running-time,104.9174,104.8443,104.9763,0.04634714,0.04417487
