iface,rx_pkts,tx_pkts,rx_bytes,tx_bytes
avg-eth0,3.06276,3.417209,491.8401,1230.615
avg-eth2,1.031746,844663.4,158.0451,108116917
avg-lo,0,0,0,0
