iface,rx_pkts,tx_pkts,rx_bytes,tx_bytes
avg-eth0,3.054823,3.405718,491.6009,1225.462
avg-eth7,389019.9,1.070637,49794538,160.4993
avg-lo,0,0,0,0
