executable,type,mean,min,max,sd,rsd
transcode,cache-misses,3331225863,3321102284,3343731841,7397735,0.2220724
transcode,running-time,118.0056,117.6554,118.2787,0.1782525,0.1510543
