executable,cachemisses,runningtime
sleep,11164982,60.001726826
sleep,11188556,60.002715276
sleep,11204198,60.002322455
sleep,11209280,60.002699422
sleep,11216053,60.002075829
sleep,11211907,60.001906700
sleep,11158902,60.002257278
sleep,11142975,60.002574374
sleep,11142509,60.002269000
sleep,11244705,60.002346230
