executable,type,mean,min,max,sd,rsd
sleep,cache-misses,11188407,11142509,11244705,34578.49,0.3090564
sleep,running-time,60.00229,60.00173,60.00272,0.0003240422,0.0005400497
