executable,type,mean,min,max,sd,rsd
sleep,cache-misses,3045.9,1328,13082,3620.122,118.8523
sleep,running-time,60.00231,60.00165,60.00264,0.0003137232,0.0005228518
