executable,type,mean,min,max,sd,rsd
transcode,cache-misses,3230264070,3224072122,3238627959,5531297,0.1712336
transcode,running-time,121.3033,118.0247,124.5244,1.890967,1.558875
