executable,type,mean,min,max,sd,rsd
transcode,cache-misses,3071995641,3065760858,3079489758,3822901,0.1244436
transcode,running-time,105.4328,105.088,105.5214,0.1271425,0.120591
