bandwidth,runningtime
1,52.15304
3,51.21671
6,53.39941
12,53.2831
25,56.20152
50,64.84782
100,77.38716
250,86.71211
500,89.51708
1000,106.9375
