bandwidth,runningtime
1,11.29688
3,11.32449
6,11.25268
12,11.29452
25,11.27174
50,11.22991
100,11.33683
250,11.37721
500,11.22566
unlimited,11.2932
