bandwidth,runningtime
1,3.593207
3,3.64328
6,3.605557
12,3.499396
25,3.420426
50,3.61132
100,3.703509
250,3.546459
500,3.584768
unlimited,3.571035
