bandwidth,runningtime
1,10.88719
3,11.14857
6,11.00313
12,11.14193
25,11.13979
50,11.09408
100,11.10098
250,11.23581
500,11.34165
unlimited,11.89357
