bandwidth,runningtime
1,11.34606
3,11.26825
6,10.9837
12,11.00803
25,11.19789
50,11.11056
100,11.03904
250,11.19143
500,10.9913
unlimited,11.07284
