bandwidth,runningtime
1,3.613462
3,3.650984
6,3.564593
12,3.618966
25,3.727773
50,3.681103
100,3.757473
250,3.531855
500,3.67447
unlimited,3.809352
