bandwidth,runningtime
1,11.20794
3,11.16479
6,11.22007
12,11.13522
25,11.16842
50,11.18329
100,11.29268
250,11.4051
500,11.57483
unlimited,11.70841
