bandwidth,runningtime
1,49.767
3,50.84376
6,50.70043
12,50.39883
25,49.61945
50,50.4375
100,50.13593
250,50.94738
500,49.99033
1000,50.29255
