bandwidth,runningtime
1,60.00224
3,60.00221
6,60.00221
12,60.0022
25,60.00236
50,60.00227
100,60.00224
250,60.00233
500,60.00229
1000,60.00222
