bandwidth,runningtime
1,60.0023
3,60.00215
6,60.00216
12,60.00227
25,60.00231
50,60.00235
100,60.00219
250,60.00232
500,60.00231
1000,60.00222
