iface,rx_pkts,tx_pkts,rx_bytes,tx_bytes
avg-eth0,3.824236,4.180115,616.2507,1347.398
avg-eth2,1.032427,999.8611,94.07741,63991.11
avg-lo,0,0,0,0
