iface,rx_pkts,tx_pkts,rx_bytes,tx_bytes
avg-eth0,3.057305,3.407475,491.814,1223.804
avg-eth7,997.6826,1.069539,63851.69,96.39937
avg-lo,0,0,0,0
