executable,type,mean,min,max,sd,rsd
transcode,cache-misses,3066410826,3060936560,3071585647,4106988,0.1339347
transcode,running-time,105.0972,104.7713,105.2792,0.1396311,0.132859
