executable,type,mean,min,max,sd,rsd
transcode,cache-misses,3068118536,3064582797,3083743809,5685198,0.1852992
transcode,running-time,105.2417,104.9975,105.453,0.12742,0.1210737
