executable,type,mean,min,max,sd,rsd
transcode,cache-misses,3086040941,3078455741,3098095612,7180074,0.232663
transcode,running-time,105.2405,104.984,105.4283,0.1177293,0.1118669
