executable,type,mean,min,max,sd,rsd
transcode,cache-misses,3055688188,3049196048,3066527474,4777223,0.1563387
transcode,running-time,104.9483,104.7617,105.1043,0.1070258,0.1019796
