executable,type,mean,min,max,sd,rsd
sleep,cache-misses,1076478,1073907,1088137,4458.789,0.4142017
sleep,running-time,60.00227,60.0014,60.00268,0.0003723493,0.0006205587
