executable,cachemisses,runningtime
sleep,12608,60.001280128
sleep,4116,60.002770439
sleep,2472,60.002434974
sleep,2341,60.002582216
sleep,2780,60.002343055
sleep,1734,60.002569631
sleep,1435,60.001735249
sleep,1514,60.002697485
sleep,2417,60.002556160
sleep,1540,60.002508756
