executable,type,mean,min,max,sd,rsd
sleep,cache-misses,3295.7,1435,12608,3369.436,102.2373
sleep,running-time,60.00235,60.00128,60.00277,0.0004710683,0.0007850831
