iface,rx_pkts,tx_pkts,rx_bytes,tx_bytes
avg-eth0,3.08014,3.432625,494.0546,1231.946
avg-eth2,1.032215,82261.93,596.2574,123392848
avg-lo,0,0,0,0
