iface,rx_pkts,tx_pkts,rx_bytes,tx_bytes
avg-eth0,3.068682,3.41453,493.4134,1215.074
avg-eth7,78646.19,1.071577,117969182,598.6939
avg-lo,0,0,0,0
