executable,type,mean,min,max,sd,rsd
transcode,cache-misses,3094541117,3086684674,3105095398,5989235,0.1935419
transcode,running-time,108.0786,107.8355,108.2197,0.1073191,0.09929724
