iface,rx_pkts,tx_pkts,rx_bytes,tx_bytes
avg-eth0,3.594567,3.897504,586.1271,1316.708
avg-eth2,0,452925,0,115948790
avg-lo,0,0,0,0
