iface,rx_pkts,tx_pkts,rx_bytes,tx_bytes
avg-eth0,3.051851,3.407609,490.2612,1239.619
avg-eth2,0,1135372,0,72663793
avg-lo,0,0,0,0
