executable,type,mean,min,max,sd,rsd
transcode,cache-misses,3204176230,3197655711,3214371616,5608328,0.1750318
transcode,running-time,116.8724,116.6828,117.0416,0.1218837,0.1042879
