iface,rx_pkts,tx_pkts,rx_bytes,tx_bytes
avg-eth0,36.62082,36.94122,11578.89,11903.9
avg-eth2,1.032207,82171.13,595.6713,123256652
avg-lo,0,0,0,0
