iface,rx_pkts,tx_pkts,rx_bytes,tx_bytes
avg-eth0,35.94895,36.28272,11334.14,11787.14
avg-eth7,77574.84,1.071588,116362152,598.1173
avg-lo,0,0,0,0
