executable,type,mean,min,max,sd,rsd
transcode,cache-misses,3095369192,3086172102,3108331232,7985707,0.2579888
transcode,running-time,106.7154,106.376,106.9174,0.1653592,0.1549535
