executable,type,mean,min,max,sd,rsd
transcode,cache-misses,3090079610,3084493199,3098024879,5115115,0.1655334
transcode,running-time,106.8257,106.5924,106.9404,0.09982969,0.09345099
