executable,type,mean,min,max,sd,rsd
transcode,cache-misses,3061785950,3055771943,3067581418,3510579,0.1146579
transcode,running-time,105.0206,104.7312,105.2229,0.1395354,0.1328648
