executable,type,mean,min,max,sd,rsd
transcode,cache-misses,3055893375,3049926625,3059192170,3001273,0.09821261
transcode,running-time,104.9589,104.7735,105.1011,0.09262483,0.08824865
