iface,rx_pkts,tx_pkts,rx_bytes,tx_bytes
avg-eth0,3.136586,3.495013,503.5414,1261.441
avg-eth2,0,250025.4,0,16001625
avg-lo,0,0,0,0
