executable,type,mean,min,max,sd,rsd
transcode,cache-misses,2969686210,2957448975,2984211272,7714827,0.2597859
transcode,running-time,121.5348,121.11,122.2092,0.3360669,0.276519
