iface,rx_pkts,tx_pkts,rx_bytes,tx_bytes
avg-eth0,3.134174,3.435445,511.0077,1250.057
avg-eth2,1.031405,2997.35,93.9855,191830.4
avg-lo,0,0,0,0
