iface,rx_pkts,tx_pkts,rx_bytes,tx_bytes
avg-eth0,3.123436,3.420098,510.1781,1224.41
avg-eth7,2997.396,1.071376,191833.4,96.54375
avg-lo,0,0,0,0
