iface,rx_pkts,tx_pkts,rx_bytes,tx_bytes
avg-eth0,3.07217,3.428328,493.0999,1243.913
avg-eth2,1.031749,1000126,94.03607,64008058
avg-lo,0,0,0,0
