iface,rx_pkts,tx_pkts,rx_bytes,tx_bytes
avg-eth0,3.076,3.426046,494.6269,1222.862
avg-eth7,386215,1.071471,24717762,96.56726
avg-lo,0,0,0,0
