executable,type,mean,min,max,sd,rsd
transcode,cache-misses,3250645752,3245232041,3261752076,4836122,0.1487742
transcode,running-time,117.9011,117.6231,118.2952,0.2532575,0.214805
