iface,rx_pkts,tx_pkts,rx_bytes,tx_bytes
avg-eth0,3.057769,3.409114,491.8603,1225.139
avg-eth7,349104.6,1.071775,89370762,288.7396
avg-lo,0,0,0,0
