executable,type,mean,min,max,sd,rsd
transcode,cache-misses,3194247006,3184364249,3209347778,6541690,0.204796
transcode,running-time,118.751,118.0936,119.5628,0.4490468,0.3781414
