executable,type,mean,min,max,sd,rsd
transcode,cache-misses,3083931007,3078311395,3091583876,4524410,0.1467092
transcode,running-time,106.0254,105.8721,106.1174,0.07577407,0.07146788
