executable,type,mean,min,max,sd,rsd
transcode,cache-misses,3128724628,3122763569,3145092066,7010458,0.2240676
transcode,running-time,107.0045,106.7693,107.224,0.1484691,0.1387503
