executable,type,mean,min,max,sd,rsd
transcode,cache-misses,3057470499,3048553951,3068581913,5356451,0.1751922
transcode,running-time,105.0108,104.8671,105.2312,0.1100392,0.1047885
