iface,rx_pkts,tx_pkts,rx_bytes,tx_bytes
avg-eth0,3.070407,3.426558,493.0433,1236.352
avg-eth2,1.031733,1000110,94.03464,64007068
avg-lo,0,0,0,0
