iface,rx_pkts,tx_pkts,rx_bytes,tx_bytes
avg-eth0,3.13069,3.480732,503.627,1234.906
avg-eth7,391141.7,1.072294,25033067,96.64307
avg-lo,0,0,0,0
