executable,type,mean,min,max,sd,rsd
transcode,cache-misses,3252701752,3245424375,3263577452,5871322,0.180506
transcode,running-time,118.0055,117.8568,118.1601,0.08248384,0.0698983
