executable,type,mean,min,max,sd,rsd
sleep,cache-misses,2254680,2251534,2264365,3776.674,0.1675038
sleep,running-time,60.00224,60.00169,60.00275,0.0003168345,0.0005280377
