executable,cachemisses,runningtime
sleep,2264365,60.001685269
sleep,2256817,60.002174378
sleep,2254755,60.002754583
sleep,2252736,60.002355169
sleep,2254255,60.002120105
sleep,2252749,60.002676122
sleep,2252480,60.002174796
sleep,2251534,60.002363639
sleep,2255140,60.002129132
sleep,2251967,60.001962585
