executable,type,mean,min,max,sd,rsd
sleep,cache-misses,3226.3,1182,15087,4315.122,133.7483
sleep,running-time,60.00219,60.00165,60.00257,0.0002844448,0.0004740574
