iface,rx_pkts,tx_pkts,rx_bytes,tx_bytes
avg-eth0,3.168701,3.428822,520.3781,1247.119
avg-eth2,1.032094,1000033,94.05559,64002105
avg-lo,0,0,0,0
