iface,rx_pkts,tx_pkts,rx_bytes,tx_bytes
avg-eth0,3.1596,3.412803,519.8195,1224.595
avg-eth7,205339,1.070751,13141698,96.52317
avg-lo,0,0,0,0
