iface,rx_pkts,tx_pkts,rx_bytes,tx_bytes
avg-eth0,3.672813,3.924658,602.5923,1323.783
avg-eth2,1.032556,500018.5,94.08522,32001186
avg-lo,0,0,0,0
