iface,rx_pkts,tx_pkts,rx_bytes,tx_bytes
avg-eth0,3.263325,3.506237,536.4143,1237.14
avg-eth7,380189.2,1.070735,24332111,96.52858
avg-lo,0,0,0,0
