executable,type,mean,min,max,sd,rsd
transcode,cache-misses,3252859713,3239293916,3270950154,9894910,0.3041911
transcode,running-time,123.2939,121.3749,127.1833,1.652989,1.34069
