iface,rx_pkts,tx_pkts,rx_bytes,tx_bytes
avg-eth0,3.440464,3.797796,553.1752,1298.361
avg-eth2,0,999834.8,0,63989427
avg-lo,0,0,0,0
