iface,rx_pkts,tx_pkts,rx_bytes,tx_bytes
avg-eth0,3.459732,3.816167,557.02,1292.685
avg-eth2,1.032325,234963.1,542.0999,120301097
avg-lo,0,0,0,0
