iface,rx_pkts,tx_pkts,rx_bytes,tx_bytes
avg-eth0,3.043655,3.402378,490.35,1232.467
avg-eth7,208988.7,1.069889,107002160,544.0385
avg-lo,0,0,0,0
