iface,rx_pkts,tx_pkts,rx_bytes,tx_bytes
avg-eth0,3.074179,3.429589,494.0555,1248.156
avg-eth2,0,82251.14,0,123376708
avg-lo,0,0,0,0
