iface,rx_pkts,tx_pkts,rx_bytes,tx_bytes
avg-eth0,3.072877,3.426664,492.9577,1232.884
avg-eth2,1.032352,500048.1,94.07377,32003080
avg-lo,0,0,0,0
