iface,rx_pkts,tx_pkts,rx_bytes,tx_bytes
avg-eth0,3.055557,3.407599,491.2459,1228.01
avg-eth7,383888.7,1.072233,24568876,96.63787
avg-lo,0,0,0,0
