executable,type,mean,min,max,sd,rsd
transcode,cache-misses,3245539924,3236009365,3254362473,6433323,0.1982204
transcode,running-time,124.4561,122.4476,126.6991,1.500731,1.205831
