iface,rx_pkts,tx_pkts,rx_bytes,tx_bytes
avg-eth0,3.147151,3.41797,522.6348,1246.647
avg-eth2,1.031932,25004.01,94.04868,1600257
avg-lo,0,0,0,0
