iface,rx_pkts,tx_pkts,rx_bytes,tx_bytes
avg-eth0,3.151376,3.418438,523.9866,1222.408
avg-eth7,25000.91,1.071027,1600058,96.5474
avg-lo,0,0,0,0
