executable,type,mean,min,max,sd,rsd
transcode,cache-misses,3100637495,3095795184,3116094814,5703963,0.183961
transcode,running-time,107.3982,107.0902,107.8651,0.2794145,0.2601668
