executable,type,mean,min,max,sd,rsd
transcode,cache-misses,3062887320,3057711707,3066846355,3021355,0.098644
transcode,running-time,105.0459,104.8327,105.1274,0.08460125,0.08053738
