iface,rx_pkts,tx_pkts,rx_bytes,tx_bytes
avg-eth0,3.137266,3.487435,505.0208,1236.802
avg-eth7,3000.252,1.071445,192016.1,96.5747
avg-lo,0,0,0,0
