executable,type,mean,min,max,sd,rsd
transcode,cache-misses,3074781579,3069644690,3086716575,5588284,0.1817457
transcode,running-time,105.3948,105.1304,105.4992,0.1101837,0.1045437
