executable,cachemisses,runningtime
./mem-walk,8296297959,108.051508518
./mem-walk,8594567554,111.368807129
./mem-walk,8163662983,108.450939357
./mem-walk,8491565865,109.175633091
./mem-walk,8949503681,111.940872911
./mem-walk,8594778879,109.892864610
./mem-walk,7948979906,104.819788792
./mem-walk,8189717428,105.822463623
./mem-walk,8803079079,110.191144401
./mem-walk,8834619487,110.647634514
