executable,type,mean,min,max,sd,rsd
sleep,cache-misses,5350151,5335773,5421425,25381.98,0.4744162
sleep,running-time,60.00233,60.00162,60.00277,0.0002952999,0.0004921474
