executable,type,mean,min,max,sd,rsd
sleep,cache-misses,3079,1332,12696,3466.805,112.5952
sleep,running-time,60.00232,60.00162,60.00292,0.0003849729,0.0006415968
