executable,type,mean,min,max,sd,rsd
transcode,cache-misses,3283569220,3279796517,3288523117,2831758,0.08624023
transcode,running-time,109.4881,108.901,109.7731,0.224592,0.2051291
