executable,type,mean,min,max,sd,rsd
transcode,cache-misses,3057958760,3053572365,3076566206,6757443,0.2209789
transcode,running-time,105.0071,104.7801,105.1602,0.1022516,0.09737588
