iface,rx_pkts,tx_pkts,rx_bytes,tx_bytes
avg-eth0,3.056545,3.410041,491.5178,1246.592
avg-eth2,1.030514,49963.16,93.93293,3197642
avg-lo,0,0,0,0
