iface,rx_pkts,tx_pkts,rx_bytes,tx_bytes
avg-eth0,3.052218,3.399409,491.4893,1215.881
avg-eth7,48876.64,1.07155,3128105,96.58932
avg-lo,0,0,0,0
