iface,rx_pkts,tx_pkts,rx_bytes,tx_bytes
avg-eth0,4.14867,4.502717,668.6599,1416.393
avg-eth2,0,119591.2,0,122461359
avg-lo,0,0,0,0
