executable,type,mean,min,max,sd,rsd
transcode,cache-misses,3095645931,3089061078,3106414106,5340953,0.1725311
transcode,running-time,107.5138,107.2927,107.6187,0.09880547,0.09190027
