iface,rx_pkts,tx_pkts,rx_bytes,tx_bytes
avg-eth0,3.052353,3.408463,490.1259,1232.314
avg-eth2,1.031991,119639.1,595.67,122510358
avg-lo,0,0,0,0
