iface,rx_pkts,tx_pkts,rx_bytes,tx_bytes
avg-eth0,3.040024,3.385171,489.401,1209.509
avg-eth7,119689.8,1.070872,122562301,598.5493
avg-lo,0,0,0,0
