executable,type,mean,min,max,sd,rsd
transcode,cache-misses,3221140683,3211396502,3230374300,5421850,0.1683208
transcode,running-time,110.7053,110.4441,111.0869,0.1757485,0.1587535
