executable,cachemisses,runningtime
sleep,288349,60.001675471
sleep,279208,60.002423406
sleep,276793,60.002013126
sleep,275761,60.002179243
sleep,275812,60.002467680
sleep,275511,60.001994554
sleep,275262,60.002270839
sleep,291241,60.002326708
sleep,276667,60.002528618
sleep,276238,60.002093774
