executable,type,mean,min,max,sd,rsd
sleep,cache-misses,279084.2,275262,291241,5792.34,2.075481
sleep,running-time,60.0022,60.00168,60.00253,0.0002613066,0.0004354951
