executable,cachemisses,runningtime
sleep,14202,60.001702338
sleep,2952,60.002188001
sleep,1486,60.002294218
sleep,1565,60.002412524
sleep,1086,60.002400397
sleep,1785,60.002305463
sleep,1993,60.002449376
sleep,2567,60.002671712
sleep,1349,60.001854283
sleep,1763,60.002404718
