executable,type,mean,min,max,sd,rsd
sleep,cache-misses,3074.8,1086,14202,3949.398,128.4441
sleep,running-time,60.00227,60.0017,60.00267,0.0002891777,0.0004819446
