iface,rx_pkts,tx_pkts,rx_bytes,tx_bytes
avg-eth0,3.127479,3.486,502.508,1256.139
avg-eth2,1.032082,844577.1,158.0573,108105866
avg-lo,0,0,0,0
