iface,rx_pkts,tx_pkts,rx_bytes,tx_bytes
avg-eth0,3.129879,3.482224,503.933,1237.782
avg-eth7,197102,1.070763,25229048,160.5138
avg-lo,0,0,0,0
