iface,rx_pkts,tx_pkts,rx_bytes,tx_bytes
avg-eth0,3.650308,4.009141,587.9424,1338.393
avg-eth2,0,1135395,0,72665248
avg-lo,0,0,0,0
