iface,rx_pkts,tx_pkts,rx_bytes,tx_bytes
avg-eth0,3.467379,3.430847,528.3157,1249.707
avg-eth2,0,500169.3,0,32010834
avg-lo,0,0,0,0
