executable,cachemisses,runningtime
sleep,576846,60.001642267
sleep,565228,60.002524086
sleep,564072,60.002573294
sleep,563386,60.002444841
sleep,562885,60.002782706
sleep,562547,60.002122705
sleep,562951,60.002542918
sleep,565019,60.002332750
sleep,563347,60.002343212
sleep,562819,60.002324885
