executable,type,mean,min,max,sd,rsd
sleep,cache-misses,564910,562547,576846,4293.965,0.7601149
sleep,running-time,60.00236,60.00164,60.00278,0.0003100806,0.0005167806
