executable,type,mean,min,max,sd,rsd
sleep,cache-misses,3062.5,1357,14131,3904.179,127.4834
sleep,running-time,60.00231,60.00128,60.00284,0.0004099888,0.0006832884
