executable,type,mean,min,max,sd,rsd
sleep,cache-misses,25381.8,23477,39514,4980.143,19.62092
sleep,running-time,60.00224,60.00163,60.0029,0.0003672119,0.000611997
