executable,type,mean,min,max,sd,rsd
sleep,cache-misses,3925.5,1367,15637,4306.177,109.6975
sleep,running-time,60.0023,60.00128,60.0029,0.0004714549,0.0007857281
