iface,rx_pkts,tx_pkts,rx_bytes,tx_bytes
avg-eth0,3.213792,3.568527,515.4954,1272.826
avg-eth2,0,235065.9,0,120353719
avg-lo,0,0,0,0
