executable,type,mean,min,max,sd,rsd
transcode,cache-misses,3058384568,3052504082,3069497906,4541952,0.1485082
transcode,running-time,104.955,104.6466,105.15,0.1458258,0.1389412
