executable,type,mean,min,max,sd,rsd
transcode,cache-misses,3056692762,3050609431,3072592627,6120557,0.2002346
transcode,running-time,104.9563,104.7658,105.0763,0.09122157,0.08691385
