iface,rx_pkts,tx_pkts,rx_bytes,tx_bytes
avg-eth0,3.208012,3.42992,543.339,1255.683
avg-eth2,1.033094,25018.54,94.13945,1601187
avg-lo,0,0,0,0
