iface,rx_pkts,tx_pkts,rx_bytes,tx_bytes
avg-eth0,3.192763,3.410228,541.6927,1224.062
avg-eth7,25014.46,1.074057,1600926,96.75624
avg-lo,0,0,0,0
