iface,rx_pkts,tx_pkts,rx_bytes,tx_bytes
avg-eth0,3.072925,3.412844,492.7782,1197.628
avg-eth2,1.031711,1135430,94.00869,72667501
avg-lo,0,0,0,0
