iface,rx_pkts,tx_pkts,rx_bytes,tx_bytes
avg-eth0,3.070746,3.424188,493.2465,1229.135
avg-eth7,382724.1,1.071435,24494342,96.58789
avg-lo,0,0,0,0
