executable,type,mean,min,max,sd,rsd
transcode,cache-misses,3254864697,3250648123,3262622020,3450812,0.1060201
transcode,running-time,118.0048,117.7354,118.2533,0.1751115,0.1483935
