iface,rx_pkts,tx_pkts,rx_bytes,tx_bytes
avg-eth0,3.638013,3.992699,585.6609,1318.792
avg-eth2,1.03222,119769,596.2606,122643392
avg-lo,0,0,0,0
