iface,rx_pkts,tx_pkts,rx_bytes,tx_bytes
avg-eth0,3.066478,3.423301,493.4688,1229.568
avg-eth7,108248.5,1.068283,110846379,597.3186
avg-lo,0,0,0,0
