executable,cachemisses,runningtime
sleep,146224,60.001625430
sleep,137599,60.002191268
sleep,134807,60.002406995
sleep,134088,60.002400308
sleep,134266,60.002295986
sleep,149059,60.001769346
sleep,133776,60.002213754
sleep,133759,60.002394865
sleep,133356,60.002374559
sleep,133731,60.002476682
