executable,type,mean,min,max,sd,rsd
sleep,cache-misses,137066.5,133356,149059,5739.177,4.187148
sleep,running-time,60.00221,60.00163,60.00248,0.0002888315,0.0004813681
