executable,type,mean,min,max,sd,rsd
sleep,cache-misses,3219.3,1258,15541,4372.768,135.8298
sleep,running-time,60.00216,60.00162,60.00273,0.0003575434,0.0005958842
