bandwidth,runningtime
1,50.79519
3,50.17353
6,50.34627
12,55.45346
25,60.60283
50,64.00487
100,72.24278
250,69.62298
500,74.06325
1000,89.35625
