bandwidth,runningtime
1,50.00094
3,50.29964
6,52.00416
12,49.70942
25,55.4451
50,50.11011
100,55.86993
250,49.79663
500,52.5438
1000,51.32705
