iface,rx_pkts,tx_pkts,rx_bytes,tx_bytes
avg-eth0,3.19115,3.429706,505.1516,1252.879
avg-eth2,0,234978.3,0,120308895
avg-lo,0,0,0,0
