executable,type,mean,min,max,sd,rsd
transcode,cache-misses,3073153777,3060831218,3089081822,7998092,0.2602568
transcode,running-time,111.8467,111.4086,112.2132,0.2479405,0.2216789
