iface,rx_pkts,tx_pkts,rx_bytes,tx_bytes
avg-eth0,3.827127,4.188713,616.8204,1367.911
avg-eth2,1.03147,999.7829,93.98939,63986.11
avg-lo,0,0,0,0
