iface,rx_pkts,tx_pkts,rx_bytes,tx_bytes
avg-eth0,3.061076,3.412197,492.5674,1225.215
avg-eth7,997.5886,1.068593,63845.67,96.31227
avg-lo,0,0,0,0
