executable,type,mean,min,max,sd,rsd
transcode,cache-misses,3068886649,3065062292,3078353146,3833615,0.1249187
transcode,running-time,105.0809,104.8516,105.1774,0.1002366,0.09538992
