iface,rx_pkts,tx_pkts,rx_bytes,tx_bytes
avg-eth0,3.348286,3.544036,560.8011,1268.517
avg-eth2,1.032149,11991.36,94.03786,767446.8
avg-lo,0,0,0,0
