iface,rx_pkts,tx_pkts,rx_bytes,tx_bytes
avg-eth0,3.340937,3.531186,560.4717,1232.823
avg-eth7,12005.91,1.073046,768378.4,96.68909
avg-lo,0,0,0,0
