iface,rx_pkts,tx_pkts,rx_bytes,tx_bytes
avg-eth0,3.092543,3.443155,496.0882,1231.499
avg-eth2,0,1000129,0,64008259
avg-lo,0,0,0,0
