executable,type,mean,min,max,sd,rsd
transcode,cache-misses,3199238538,3195005551,3209140905,4788399,0.1496731
transcode,running-time,116.8839,116.6683,117.1305,0.1530275,0.1309227
