iface,rx_pkts,tx_pkts,rx_bytes,tx_bytes
avg-eth0,3.802816,4.153942,612.6897,1342.638
avg-eth2,1.03138,49979.25,93.98854,3198672
avg-lo,0,0,0,0
