iface,rx_pkts,tx_pkts,rx_bytes,tx_bytes
avg-eth0,3.055055,3.406118,491.7218,1229.223
avg-eth7,49862.89,1.068771,3191225,96.32505
avg-lo,0,0,0,0
