executable,type,mean,min,max,sd,rsd
transcode,cache-misses,3114511888,3106110793,3122324070,5201583,0.1670112
transcode,running-time,109.078,108.775,109.3163,0.1516013,0.1389843
