iface,rx_pkts,tx_pkts,rx_bytes,tx_bytes
avg-eth0,3.51136,3.871431,564.7495,1318.755
avg-eth2,0,1136391,0,72729054
avg-lo,0,0,0,0
