iface,rx_pkts,tx_pkts,rx_bytes,tx_bytes
avg-eth0,3.514073,3.854432,565.1902,1266.63
avg-eth2,1.032346,234956.5,542.088,120297725
avg-lo,0,0,0,0
