iface,rx_pkts,tx_pkts,rx_bytes,tx_bytes
avg-eth0,3.124926,3.477243,502.6531,1234.104
avg-eth7,196280.3,1.070482,100495492,544.0903
avg-lo,0,0,0,0
