executable,type,mean,min,max,sd,rsd
transcode,cache-misses,3059085050,3051880075,3070581707,6283675,0.2054103
transcode,running-time,104.9485,104.4982,105.3446,0.2681426,0.2554992
