executable,type,mean,min,max,sd,rsd
transcode,cache-misses,3058606552,3051005789,3072868028,7930054,0.2592702
transcode,running-time,104.7893,104.494,105.216,0.2667355,0.2545446
