iface,rx_pkts,tx_pkts,rx_bytes,tx_bytes
avg-eth0,3.552528,3.910203,571.7507,1322.744
avg-eth2,0,82246.64,0,123369965
avg-lo,0,0,0,0
