executable,type,mean,min,max,sd,rsd
transcode,cache-misses,3096759325,3088420364,3105173327,6516995,0.2104457
transcode,running-time,107.2744,107.0184,107.4556,0.1194128,0.1113152
