iface,rx_pkts,tx_pkts,rx_bytes,tx_bytes
avg-eth0,3.954301,4.199557,650.3212,1373.271
avg-eth2,0,82293.09,0,123439642
avg-lo,0,0,0,0
