iface,rx_pkts,tx_pkts,rx_bytes,tx_bytes
avg-eth0,3.070405,3.422328,493.919,1248.05
avg-eth2,1.031922,5994.606,94.01818,383654.8
avg-lo,0,0,0,0
