iface,rx_pkts,tx_pkts,rx_bytes,tx_bytes
avg-eth0,3.040524,3.38947,489.5914,1219.267
avg-eth7,6003.663,1.072196,384234.5,96.63784
avg-lo,0,0,0,0
