iface,rx_pkts,tx_pkts,rx_bytes,tx_bytes
avg-eth0,3.136864,3.49284,503.5521,1257.742
avg-eth2,1.032244,100010.2,94.06714,6400653
avg-lo,0,0,0,0
