iface,rx_pkts,tx_pkts,rx_bytes,tx_bytes
avg-eth0,3.155098,3.504777,507.6375,1236.344
avg-eth7,99996.11,1.070456,6399751,96.50868
avg-lo,0,0,0,0
