executable,type,mean,min,max,sd,rsd
transcode,cache-misses,3111245960,3095843576,3133953222,9928231,0.3191079
transcode,running-time,112.632,112.2428,113.0298,0.2104386,0.1868373
