iface,rx_pkts,tx_pkts,rx_bytes,tx_bytes
avg-eth0,3.046821,3.396057,490.3767,1215.366
avg-eth7,49926.69,1.070621,3195308,96.4952
avg-lo,0,0,0,0
