executable,type,mean,min,max,sd,rsd
transcode,cache-misses,3113637056,3106506639,3123882935,5399082,0.1734011
transcode,running-time,109.2224,108.8194,109.4599,0.1969236,0.180296
