iface,rx_pkts,tx_pkts,rx_bytes,tx_bytes
avg-eth0,3.062028,3.419802,491.934,1248.916
avg-eth2,1.032419,3000.165,94.07671,192010.6
avg-lo,0,0,0,0
