iface,rx_pkts,tx_pkts,rx_bytes,tx_bytes
avg-eth0,3.059181,3.411255,492.3577,1225.164
avg-eth7,3000.243,1.071447,192015.5,96.57483
avg-lo,0,0,0,0
