executable,type,mean,min,max,sd,rsd
transcode,cache-misses,3076354553,3070865930,3087648385,5027430,0.1634217
transcode,running-time,105.4407,105.2499,105.6196,0.1067733,0.1012638
