executable,type,mean,min,max,sd,rsd
transcode,cache-misses,3062642642,3056745294,3069012489,3858039,0.1259709
transcode,running-time,105.0367,104.8949,105.2354,0.08755723,0.08335874
