iface,rx_pkts,tx_pkts,rx_bytes,tx_bytes
avg-eth0,3.065383,3.421608,492.5671,1237.929
avg-eth2,1.032591,82248.72,596.1956,123373039
avg-lo,0,0,0,0
