iface,rx_pkts,tx_pkts,rx_bytes,tx_bytes
avg-eth0,3.045417,3.395102,490.5841,1219.31
avg-eth7,82217.54,1.071264,123326202,598.5776
avg-lo,0,0,0,0
