executable,type,mean,min,max,sd,rsd
transcode,cache-misses,3201950679,3189988416,3215168515,6170959,0.192725
transcode,running-time,108.7754,108.5533,108.947,0.1139832,0.1047877
