iface,rx_pkts,tx_pkts,rx_bytes,tx_bytes
avg-eth0,3.653138,3.995538,588.6722,1291.987
avg-eth2,1.032346,452857.9,286.0738,115931624
avg-lo,0,0,0,0
