iface,rx_pkts,tx_pkts,rx_bytes,tx_bytes
avg-eth0,3.050061,3.401207,491.2388,1218.898
avg-eth7,207799.3,1.069608,53196603,288.0918
avg-lo,0,0,0,0
