iface,rx_pkts,tx_pkts,rx_bytes,tx_bytes
avg-eth0,3.739578,4.097775,602.4648,1338.537
avg-eth2,1.032318,1136328,94.06928,72725018
avg-lo,0,0,0,0
