iface,rx_pkts,tx_pkts,rx_bytes,tx_bytes
avg-eth0,3.120155,3.465213,502.4541,1221.505
avg-eth7,215444.6,1.069763,13788454,96.417
avg-lo,0,0,0,0
