iface,rx_pkts,tx_pkts,rx_bytes,tx_bytes
avg-eth0,3.503481,3.861848,564.284,1312.268
avg-eth2,0,1000137,0,64008799
avg-lo,0,0,0,0
