iface,rx_pkts,tx_pkts,rx_bytes,tx_bytes
avg-eth0,3.139394,3.427817,517.9724,1246.277
avg-eth2,1.032588,250003.4,94.08668,16000216
avg-lo,0,0,0,0
