iface,rx_pkts,tx_pkts,rx_bytes,tx_bytes
avg-eth0,3.128907,3.410455,517.0763,1220.644
avg-eth7,195277.6,1.07173,12497766,96.58591
avg-lo,0,0,0,0
