iface,rx_pkts,tx_pkts,rx_bytes,tx_bytes
avg-eth0,3.071,3.410912,493.1272,1201.411
avg-eth2,1.032331,1136302,94.07121,72723358
avg-lo,0,0,0,0
