iface,rx_pkts,tx_pkts,rx_bytes,tx_bytes
avg-eth0,3.048979,3.400617,490.5061,1223.435
avg-eth7,195402.5,1.070641,12505762,96.51657
avg-lo,0,0,0,0
